1|4|a|a|a|a|10|5/23/2023 12:00:00 AM|5/31/2023 12:00:00 AM|Pending
2|4|b|ab|ab|ab|10|5/25/2023 12:00:00 AM|6/2/2023 12:00:00 AM|Pending
3|4|gbd|tkm|zdrh|zbhd|20|6/14/2023 12:00:00 AM|6/23/2023 12:00:00 AM|Pending
4|4|gbd|tkm|zdrh|zbhd|20|6/14/2023 12:00:00 AM|6/23/2023 12:00:00 AM|Pending
5|4|gbd|tkm|zdrh|zbhd|20|6/14/2023 12:00:00 AM|6/23/2023 12:00:00 AM|Pending
6|4|gbd|tkm|zdrh|zbhd|20|6/14/2023 12:00:00 AM|6/23/2023 12:00:00 AM|Pending
7|4|gbd|tkm|zdrh|zbhd|20|6/14/2023 12:00:00 AM|6/23/2023 12:00:00 AM|Pending
8|4|gbd|tkm|zdrh|zbhd|20|6/14/2023 12:00:00 AM|6/23/2023 12:00:00 AM|Pending
9|4|rnbf|rzhn|zrnjs|zjnh|25|6/14/2023 12:00:00 AM|6/22/2023 12:00:00 AM|Pending
0|0|||||0|1/1/0001 12:00:00 AM|1/1/0001 12:00:00 AM|
0|0|||||0|1/1/0001 12:00:00 AM|1/1/0001 12:00:00 AM|
